TRANSAKT;PRISENHED;TID;INDHOLD
P.31 Private consumption;Current prices, (bill. DKK.);1966;47.8
P.31 Private consumption;Current prices, (bill. DKK.);1967;52.9
P.31 Private consumption;Current prices, (bill. DKK.);1968;57.6
P.31 Private consumption;Current prices, (bill. DKK.);1969;63.9
P.31 Private consumption;Current prices, (bill. DKK.);1970;70.6
P.31 Private consumption;Current prices, (bill. DKK.);1971;76.2
P.31 Private consumption;Current prices, (bill. DKK.);1972;82.8
P.31 Private consumption;Current prices, (bill. DKK.);1973;97.3
P.31 Private consumption;Current prices, (bill. DKK.);1974;109.7
P.31 Private consumption;Current prices, (bill. DKK.);1975;125.1
P.31 Private consumption;Current prices, (bill. DKK.);1976;147.9
P.31 Private consumption;Current prices, (bill. DKK.);1977;165.1
P.31 Private consumption;Current prices, (bill. DKK.);1978;181.6
P.31 Private consumption;Current prices, (bill. DKK.);1979;201.3
P.31 Private consumption;Current prices, (bill. DKK.);1980;215.2
P.31 Private consumption;Current prices, (bill. DKK.);1981;238.0
P.31 Private consumption;Current prices, (bill. DKK.);1982;266.6
P.31 Private consumption;Current prices, (bill. DKK.);1983;290.0
P.31 Private consumption;Current prices, (bill. DKK.);1984;321.5
P.31 Private consumption;Current prices, (bill. DKK.);1985;348.7
P.31 Private consumption;Current prices, (bill. DKK.);1986;376.4
P.31 Private consumption;Current prices, (bill. DKK.);1987;385.1
P.31 Private consumption;Current prices, (bill. DKK.);1988;394.8
P.31 Private consumption;Current prices, (bill. DKK.);1989;414.6
P.31 Private consumption;Current prices, (bill. DKK.);1990;425.4
P.31 Private consumption;Current prices, (bill. DKK.);1991;444.5
P.31 Private consumption;Current prices, (bill. DKK.);1992;461.8
P.31 Private consumption;Current prices, (bill. DKK.);1993;462.1
P.31 Private consumption;Current prices, (bill. DKK.);1994;505.4
P.31 Private consumption;Current prices, (bill. DKK.);1995;523.7
P.31 Private consumption;Current prices, (bill. DKK.);1996;545.6
P.31 Private consumption;Current prices, (bill. DKK.);1997;571.4
P.31 Private consumption;Current prices, (bill. DKK.);1998;594.7
P.31 Private consumption;Current prices, (bill. DKK.);1999;605.4
P.31 Private consumption;Current prices, (bill. DKK.);2000;624.5
P.31 Private consumption;Current prices, (bill. DKK.);2001;642.2
P.31 Private consumption;Current prices, (bill. DKK.);2002;664.0
P.31 Private consumption;Current prices, (bill. DKK.);2003;680.9
P.31 Private consumption;Current prices, (bill. DKK.);2004;722.3
P.31 Private consumption;Current prices, (bill. DKK.);2005;763.3
P.31 Private consumption;Current prices, (bill. DKK.);2006;801.9
P.31 Private consumption;Current prices, (bill. DKK.);2007;831.4
P.31 Private consumption;Current prices, (bill. DKK.);2008;858.9
P.31 Private consumption;Current prices, (bill. DKK.);2009;838.9
P.31 Private consumption;Current prices, (bill. DKK.);2010;870.3
P.31 Private consumption;Current prices, (bill. DKK.);2011;892.4
P.31 Private consumption;Current prices, (bill. DKK.);2012;916.4
P.31 Private consumption;Current prices, (bill. DKK.);2013;937.1
P.31 Private consumption;Current prices, (bill. DKK.);2014;940.7
P.31 Private consumption;Current prices, (bill. DKK.);2015;960.9
P.31 Private consumption;Current prices, (bill. DKK.);2016;993.2
P.31 Private consumption;Current prices, (bill. DKK.);2017;1029.9
P.31 Private consumption;Current prices, (bill. DKK.);2018;1073.7
P.31 Private consumption;Current prices, (bill. DKK.);2019;1101.8
P.31 Private consumption;Current prices, (bill. DKK.);2020;1089.7
P.31 Private consumption;Current prices, (bill. DKK.);2021;1172.4
P.31 Private consumption;Current prices, (bill. DKK.);2022;1235.9
P.31 Private consumption;Current prices, (bill. DKK.);2023;1249.8
P.31 Private consumption;Current prices, (bill. DKK.);2024;1283.4
P.31 Private consumption;Current prices, (bill. DKK.);2025;1344.0
P.31 Private consumption;2020-prices, chained values, (bill. DKK.);1966;392.9
P.31 Private consumption;2020-prices, chained values, (bill. DKK.);1967;420.6
P.31 Private consumption;2020-prices, chained values, (bill. DKK.);1968;436.9
P.31 Private consumption;2020-prices, chained values, (bill. DKK.);1969;463.0
P.31 Private consumption;2020-prices, chained values, (bill. DKK.);1970;475.7
P.31 Private consumption;2020-prices, chained values, (bill. DKK.);1971;480.4
P.31 Private consumption;2020-prices, chained values, (bill. DKK.);1972;480.0
P.31 Private consumption;2020-prices, chained values, (bill. DKK.);1973;519.4
P.31 Private consumption;2020-prices, chained values, (bill. DKK.);1974;508.4
P.31 Private consumption;2020-prices, chained values, (bill. DKK.);1975;524.6
P.31 Private consumption;2020-prices, chained values, (bill. DKK.);1976;564.9
P.31 Private consumption;2020-prices, chained values, (bill. DKK.);1977;576.8
P.31 Private consumption;2020-prices, chained values, (bill. DKK.);1978;588.0
P.31 Private consumption;2020-prices, chained values, (bill. DKK.);1979;595.4
P.31 Private consumption;2020-prices, chained values, (bill. DKK.);1980;579.4
P.31 Private consumption;2020-prices, chained values, (bill. DKK.);1981;574.1
P.31 Private consumption;2020-prices, chained values, (bill. DKK.);1982;583.8
P.31 Private consumption;2020-prices, chained values, (bill. DKK.);1983;595.3
P.31 Private consumption;2020-prices, chained values, (bill. DKK.);1984;617.6
P.31 Private consumption;2020-prices, chained values, (bill. DKK.);1985;646.3
P.31 Private consumption;2020-prices, chained values, (bill. DKK.);1986;690.5
P.31 Private consumption;2020-prices, chained values, (bill. DKK.);1987;676.2
P.31 Private consumption;2020-prices, chained values, (bill. DKK.);1988;666.6
P.31 Private consumption;2020-prices, chained values, (bill. DKK.);1989;669.0
P.31 Private consumption;2020-prices, chained values, (bill. DKK.);1990;676.2
P.31 Private consumption;2020-prices, chained values, (bill. DKK.);1991;687.9
P.31 Private consumption;2020-prices, chained values, (bill. DKK.);1992;707.6
P.31 Private consumption;2020-prices, chained values, (bill. DKK.);1993;700.6
P.31 Private consumption;2020-prices, chained values, (bill. DKK.);1994;746.7
P.31 Private consumption;2020-prices, chained values, (bill. DKK.);1995;759.7
P.31 Private consumption;2020-prices, chained values, (bill. DKK.);1996;778.3
P.31 Private consumption;2020-prices, chained values, (bill. DKK.);1997;800.1
P.31 Private consumption;2020-prices, chained values, (bill. DKK.);1998;820.5
P.31 Private consumption;2020-prices, chained values, (bill. DKK.);1999;819.6
P.31 Private consumption;2020-prices, chained values, (bill. DKK.);2000;822.5
P.31 Private consumption;2020-prices, chained values, (bill. DKK.);2001;826.7
P.31 Private consumption;2020-prices, chained values, (bill. DKK.);2002;838.8
P.31 Private consumption;2020-prices, chained values, (bill. DKK.);2003;849.8
P.31 Private consumption;2020-prices, chained values, (bill. DKK.);2004;890.9
P.31 Private consumption;2020-prices, chained values, (bill. DKK.);2005;925.4
P.31 Private consumption;2020-prices, chained values, (bill. DKK.);2006;951.2
P.31 Private consumption;2020-prices, chained values, (bill. DKK.);2007;969.3
P.31 Private consumption;2020-prices, chained values, (bill. DKK.);2008;971.2
P.31 Private consumption;2020-prices, chained values, (bill. DKK.);2009;936.3
P.31 Private consumption;2020-prices, chained values, (bill. DKK.);2010;948.5
P.31 Private consumption;2020-prices, chained values, (bill. DKK.);2011;950.7
P.31 Private consumption;2020-prices, chained values, (bill. DKK.);2012;954.1
P.31 Private consumption;2020-prices, chained values, (bill. DKK.);2013;968.5
P.31 Private consumption;2020-prices, chained values, (bill. DKK.);2014;966.3
P.31 Private consumption;2020-prices, chained values, (bill. DKK.);2015;985.3
P.31 Private consumption;2020-prices, chained values, (bill. DKK.);2016;1017.7
P.31 Private consumption;2020-prices, chained values, (bill. DKK.);2017;1045.3
P.31 Private consumption;2020-prices, chained values, (bill. DKK.);2018;1084.5
P.31 Private consumption;2020-prices, chained values, (bill. DKK.);2019;1103.7
P.31 Private consumption;2020-prices, chained values, (bill. DKK.);2020;1089.7
P.31 Private consumption;2020-prices, chained values, (bill. DKK.);2021;1150.9
P.31 Private consumption;2020-prices, chained values, (bill. DKK.);2022;1125.7
P.31 Private consumption;2020-prices, chained values, (bill. DKK.);2023;1102.5
P.31 Private consumption;2020-prices, chained values, (bill. DKK.);2024;1115.3
P.31 Private consumption;2020-prices, chained values, (bill. DKK.);2025;1139.2
