TYPE;TID;INDHOLD
Annual rate of change;1900;..
Annual rate of change;1901;-0.2
Annual rate of change;1902;1.3
Annual rate of change;1903;-0.2
Annual rate of change;1904;1.3
Annual rate of change;1905;-0.5
Annual rate of change;1906;0.7
Annual rate of change;1907;3.5
Annual rate of change;1908;0.9
Annual rate of change;1909;0.7
Annual rate of change;1910;0.7
Annual rate of change;1911;0.2
Annual rate of change;1912;3.8
Annual rate of change;1913;2.6
Annual rate of change;1914;2.3
Annual rate of change;1915;18.0
Annual rate of change;1916;17.8
Annual rate of change;1917;15.8
Annual rate of change;1918;16.8
Annual rate of change;1919;18.6
Annual rate of change;1920;19.3
Annual rate of change;1921;-15.0
Annual rate of change;1922;-15.0
Annual rate of change;1923;4.2
Annual rate of change;1924;6.0
Annual rate of change;1925;-2.8
Annual rate of change;1926;-15.0
Annual rate of change;1927;-3.4
Annual rate of change;1928;-0.6
Annual rate of change;1929;-0.6
Annual rate of change;1930;-4.8
Annual rate of change;1931;-5.7
Annual rate of change;1932;-0.7
Annual rate of change;1933;2.7
Annual rate of change;1934;3.9
Annual rate of change;1935;3.8
Annual rate of change;1936;1.2
Annual rate of change;1937;3.6
Annual rate of change;1938;1.2
Annual rate of change;1939;2.9
Annual rate of change;1940;24.4
Annual rate of change;1941;14.7
Annual rate of change;1942;3.5
Annual rate of change;1943;0.8
Annual rate of change;1944;2.2
Annual rate of change;1945;1.1
Annual rate of change;1946;-0.7
Annual rate of change;1947;2.9
Annual rate of change;1948;2.5
Annual rate of change;1949;2.4
Annual rate of change;1950;9.1
Annual rate of change;1951;11.7
Annual rate of change;1952;2.2
Annual rate of change;1953;-0.5
Annual rate of change;1954;1.9
Annual rate of change;1955;6.7
Annual rate of change;1956;5.0
Annual rate of change;1957;1.2
Annual rate of change;1958;0.9
Annual rate of change;1959;2.1
Annual rate of change;1960;2.3
Annual rate of change;1961;4.5
Annual rate of change;1962;6.6
Annual rate of change;1963;5.2
Annual rate of change;1964;3.6
Annual rate of change;1965;6.4
Annual rate of change;1966;6.8
Annual rate of change;1967;7.4
Annual rate of change;1968;8.0
Annual rate of change;1969;3.5
Annual rate of change;1970;6.5
Annual rate of change;1971;5.9
Annual rate of change;1972;6.6
Annual rate of change;1973;9.3
Annual rate of change;1974;15.3
Annual rate of change;1975;9.6
Annual rate of change;1976;9.0
Annual rate of change;1977;11.1
Annual rate of change;1978;10.0
Annual rate of change;1979;9.6
Annual rate of change;1980;12.3
Annual rate of change;1981;11.7
Annual rate of change;1982;10.1
Annual rate of change;1983;6.9
Annual rate of change;1984;6.3
Annual rate of change;1985;4.7
Annual rate of change;1986;3.7
Annual rate of change;1987;4.0
Annual rate of change;1988;4.5
Annual rate of change;1989;4.8
Annual rate of change;1990;2.6
Annual rate of change;1991;2.4
Annual rate of change;1992;2.1
Annual rate of change;1993;1.3
Annual rate of change;1994;2.0
Annual rate of change;1995;2.1
Annual rate of change;1996;2.1
Annual rate of change;1997;2.2
Annual rate of change;1998;1.8
Annual rate of change;1999;2.5
Annual rate of change;2000;2.9
Annual rate of change;2001;2.4
Annual rate of change;2002;2.4
Annual rate of change;2003;2.1
Annual rate of change;2004;1.2
Annual rate of change;2005;1.8
Annual rate of change;2006;1.9
Annual rate of change;2007;1.7
Annual rate of change;2008;3.4
Annual rate of change;2009;1.3
Annual rate of change;2010;2.3
Annual rate of change;2011;2.8
Annual rate of change;2012;2.4
Annual rate of change;2013;0.8
Annual rate of change;2014;0.6
Annual rate of change;2015;0.5
Annual rate of change;2016;0.3
Annual rate of change;2017;1.1
Annual rate of change;2018;0.8
Annual rate of change;2019;0.8
Annual rate of change;2020;0.4
Annual rate of change;2021;1.9
Annual rate of change;2022;7.7
Annual rate of change;2023;3.3
Annual rate of change;2024;1.4
Annual rate of change;2025;1.9
