VAREGR;ENHED;TID;INDHOLD
00 All-items HICP;Index;1995M12;58.07
00 All-items HICP;Index;1996M01;58.02
00 All-items HICP;Index;1996M02;58.37
00 All-items HICP;Index;1996M03;58.73
00 All-items HICP;Index;1996M04;58.90
00 All-items HICP;Index;1996M05;59.06
00 All-items HICP;Index;1996M06;59.03
00 All-items HICP;Index;1996M07;58.93
00 All-items HICP;Index;1996M08;59.04
00 All-items HICP;Index;1996M09;59.33
00 All-items HICP;Index;1996M10;59.46
00 All-items HICP;Index;1996M11;59.50
00 All-items HICP;Index;1996M12;59.41
00 All-items HICP;Index;1997M01;59.40
00 All-items HICP;Index;1997M02;59.62
00 All-items HICP;Index;1997M03;59.82
00 All-items HICP;Index;1997M04;59.95
00 All-items HICP;Index;1997M05;60.34
00 All-items HICP;Index;1997M06;60.46
00 All-items HICP;Index;1997M07;60.08
00 All-items HICP;Index;1997M08;60.21
00 All-items HICP;Index;1997M09;60.46
00 All-items HICP;Index;1997M10;60.40
00 All-items HICP;Index;1997M11;60.46
00 All-items HICP;Index;1997M12;60.34
00 All-items HICP;Index;1998M01;60.38
00 All-items HICP;Index;1998M02;60.62
00 All-items HICP;Index;1998M03;60.76
00 All-items HICP;Index;1998M04;60.88
00 All-items HICP;Index;1998M05;61.15
00 All-items HICP;Index;1998M06;61.13
00 All-items HICP;Index;1998M07;60.93
00 All-items HICP;Index;1998M08;60.85
00 All-items HICP;Index;1998M09;61.10
00 All-items HICP;Index;1998M10;61.07
00 All-items HICP;Index;1998M11;61.12
00 All-items HICP;Index;1998M12;60.99
00 All-items HICP;Index;1999M01;61.08
00 All-items HICP;Index;1999M02;61.37
00 All-items HICP;Index;1999M03;61.77
00 All-items HICP;Index;1999M04;61.93
00 All-items HICP;Index;1999M05;62.13
00 All-items HICP;Index;1999M06;62.31
00 All-items HICP;Index;1999M07;62.18
00 All-items HICP;Index;1999M08;62.36
00 All-items HICP;Index;1999M09;62.57
00 All-items HICP;Index;1999M10;62.64
00 All-items HICP;Index;1999M11;62.73
00 All-items HICP;Index;1999M12;62.88
00 All-items HICP;Index;2000M01;62.80
00 All-items HICP;Index;2000M02;63.10
00 All-items HICP;Index;2000M03;63.57
00 All-items HICP;Index;2000M04;63.70
00 All-items HICP;Index;2000M05;63.97
00 All-items HICP;Index;2000M06;64.16
00 All-items HICP;Index;2000M07;63.88
00 All-items HICP;Index;2000M08;63.70
00 All-items HICP;Index;2000M09;64.27
00 All-items HICP;Index;2000M10;64.43
00 All-items HICP;Index;2000M11;64.46
00 All-items HICP;Index;2000M12;64.37
00 All-items HICP;Index;2001M01;64.26
00 All-items HICP;Index;2001M02;64.61
00 All-items HICP;Index;2001M03;64.99
00 All-items HICP;Index;2001M04;65.37
00 All-items HICP;Index;2001M05;65.69
00 All-items HICP;Index;2001M06;65.61
00 All-items HICP;Index;2001M07;65.37
00 All-items HICP;Index;2001M08;65.30
00 All-items HICP;Index;2001M09;65.66
00 All-items HICP;Index;2001M10;65.72
00 All-items HICP;Index;2001M11;65.57
00 All-items HICP;Index;2001M12;65.71
00 All-items HICP;Index;2002M01;65.81
00 All-items HICP;Index;2002M02;66.15
00 All-items HICP;Index;2002M03;66.64
00 All-items HICP;Index;2002M04;66.92
00 All-items HICP;Index;2002M05;66.98
00 All-items HICP;Index;2002M06;66.99
00 All-items HICP;Index;2002M07;66.80
00 All-items HICP;Index;2002M08;66.87
00 All-items HICP;Index;2002M09;67.28
00 All-items HICP;Index;2002M10;67.46
00 All-items HICP;Index;2002M11;67.43
00 All-items HICP;Index;2002M12;67.42
00 All-items HICP;Index;2003M01;67.53
00 All-items HICP;Index;2003M02;68.04
00 All-items HICP;Index;2003M03;68.55
00 All-items HICP;Index;2003M04;68.52
00 All-items HICP;Index;2003M05;68.38
00 All-items HICP;Index;2003M06;68.36
00 All-items HICP;Index;2003M07;67.93
00 All-items HICP;Index;2003M08;67.88
00 All-items HICP;Index;2003M09;68.44
00 All-items HICP;Index;2003M10;68.25
00 All-items HICP;Index;2003M11;68.36
00 All-items HICP;Index;2003M12;68.25
00 All-items HICP;Index;2004M01;68.18
00 All-items HICP;Index;2004M02;68.46
00 All-items HICP;Index;2004M03;68.83
00 All-items HICP;Index;2004M04;68.89
00 All-items HICP;Index;2004M05;69.14
00 All-items HICP;Index;2004M06;68.97
00 All-items HICP;Index;2004M07;68.72
00 All-items HICP;Index;2004M08;68.51
00 All-items HICP;Index;2004M09;69.02
00 All-items HICP;Index;2004M10;69.29
00 All-items HICP;Index;2004M11;69.07
00 All-items HICP;Index;2004M12;68.91
00 All-items HICP;Index;2005M01;68.71
00 All-items HICP;Index;2005M02;69.22
00 All-items HICP;Index;2005M03;69.72
00 All-items HICP;Index;2005M04;70.09
00 All-items HICP;Index;2005M05;70.04
00 All-items HICP;Index;2005M06;70.14
00 All-items HICP;Index;2005M07;70.03
00 All-items HICP;Index;2005M08;70.08
00 All-items HICP;Index;2005M09;70.69
00 All-items HICP;Index;2005M10;70.63
00 All-items HICP;Index;2005M11;70.39
00 All-items HICP;Index;2005M12;70.45
00 All-items HICP;Index;2006M01;70.14
00 All-items HICP;Index;2006M02;70.68
00 All-items HICP;Index;2006M03;70.98
00 All-items HICP;Index;2006M04;71.37
00 All-items HICP;Index;2006M05;71.47
00 All-items HICP;Index;2006M06;71.65
00 All-items HICP;Index;2006M07;71.45
00 All-items HICP;Index;2006M08;71.45
00 All-items HICP;Index;2006M09;71.73
00 All-items HICP;Index;2006M10;71.66
00 All-items HICP;Index;2006M11;71.61
00 All-items HICP;Index;2006M12;71.63
00 All-items HICP;Index;2007M01;71.39
00 All-items HICP;Index;2007M02;72.02
00 All-items HICP;Index;2007M03;72.37
00 All-items HICP;Index;2007M04;72.55
00 All-items HICP;Index;2007M05;72.69
00 All-items HICP;Index;2007M06;72.57
00 All-items HICP;Index;2007M07;72.21
00 All-items HICP;Index;2007M08;72.06
00 All-items HICP;Index;2007M09;72.56
00 All-items HICP;Index;2007M10;72.88
00 All-items HICP;Index;2007M11;73.43
00 All-items HICP;Index;2007M12;73.39
00 All-items HICP;Index;2008M01;73.61
00 All-items HICP;Index;2008M02;74.34
00 All-items HICP;Index;2008M03;74.72
00 All-items HICP;Index;2008M04;75.03
00 All-items HICP;Index;2008M05;75.31
00 All-items HICP;Index;2008M06;75.56
00 All-items HICP;Index;2008M07;75.33
00 All-items HICP;Index;2008M08;75.47
00 All-items HICP;Index;2008M09;75.81
00 All-items HICP;Index;2008M10;75.69
00 All-items HICP;Index;2008M11;75.47
00 All-items HICP;Index;2008M12;75.16
00 All-items HICP;Index;2009M01;74.86
00 All-items HICP;Index;2009M02;75.62
00 All-items HICP;Index;2009M03;75.87
00 All-items HICP;Index;2009M04;75.81
00 All-items HICP;Index;2009M05;76.08
00 All-items HICP;Index;2009M06;76.28
00 All-items HICP;Index;2009M07;75.83
00 All-items HICP;Index;2009M08;76.04
00 All-items HICP;Index;2009M09;76.18
00 All-items HICP;Index;2009M10;76.22
00 All-items HICP;Index;2009M11;76.21
00 All-items HICP;Index;2009M12;76.04
00 All-items HICP;Index;2010M01;76.22
00 All-items HICP;Index;2010M02;76.96
00 All-items HICP;Index;2010M03;77.49
00 All-items HICP;Index;2010M04;77.63
00 All-items HICP;Index;2010M05;77.61
00 All-items HICP;Index;2010M06;77.49
00 All-items HICP;Index;2010M07;77.46
00 All-items HICP;Index;2010M08;77.77
00 All-items HICP;Index;2010M09;78.11
00 All-items HICP;Index;2010M10;78.01
00 All-items HICP;Index;2010M11;78.07
00 All-items HICP;Index;2010M12;78.18
00 All-items HICP;Index;2011M01;78.21
00 All-items HICP;Index;2011M02;78.97
00 All-items HICP;Index;2011M03;79.48
00 All-items HICP;Index;2011M04;79.86
00 All-items HICP;Index;2011M05;79.98
00 All-items HICP;Index;2011M06;79.78
00 All-items HICP;Index;2011M07;79.72
00 All-items HICP;Index;2011M08;79.68
00 All-items HICP;Index;2011M09;79.99
00 All-items HICP;Index;2011M10;80.13
00 All-items HICP;Index;2011M11;80.04
00 All-items HICP;Index;2011M12;80.04
00 All-items HICP;Index;2012M01;80.35
00 All-items HICP;Index;2012M02;81.14
00 All-items HICP;Index;2012M03;81.62
00 All-items HICP;Index;2012M04;81.62
00 All-items HICP;Index;2012M05;81.64
00 All-items HICP;Index;2012M06;81.48
00 All-items HICP;Index;2012M07;81.47
00 All-items HICP;Index;2012M08;81.79
00 All-items HICP;Index;2012M09;82.01
00 All-items HICP;Index;2012M10;81.94
00 All-items HICP;Index;2012M11;81.81
00 All-items HICP;Index;2012M12;81.54
00 All-items HICP;Index;2013M01;81.14
00 All-items HICP;Index;2013M02;81.99
00 All-items HICP;Index;2013M03;82.21
00 All-items HICP;Index;2013M04;82.03
00 All-items HICP;Index;2013M05;82.14
00 All-items HICP;Index;2013M06;82.02
00 All-items HICP;Index;2013M07;81.78
00 All-items HICP;Index;2013M08;81.83
00 All-items HICP;Index;2013M09;82.13
00 All-items HICP;Index;2013M10;82.22
00 All-items HICP;Index;2013M11;82.03
00 All-items HICP;Index;2013M12;81.96
00 All-items HICP;Index;2014M01;81.80
00 All-items HICP;Index;2014M02;82.22
00 All-items HICP;Index;2014M03;82.33
00 All-items HICP;Index;2014M04;82.42
00 All-items HICP;Index;2014M05;82.40
00 All-items HICP;Index;2014M06;82.34
00 All-items HICP;Index;2014M07;82.21
00 All-items HICP;Index;2014M08;82.07
00 All-items HICP;Index;2014M09;82.35
00 All-items HICP;Index;2014M10;82.43
00 All-items HICP;Index;2014M11;82.22
00 All-items HICP;Index;2014M12;82.02
00 All-items HICP;Index;2015M01;81.48
00 All-items HICP;Index;2015M02;82.21
00 All-items HICP;Index;2015M03;82.62
00 All-items HICP;Index;2015M04;82.73
00 All-items HICP;Index;2015M05;82.74
00 All-items HICP;Index;2015M06;82.67
00 All-items HICP;Index;2015M07;82.62
00 All-items HICP;Index;2015M08;82.36
00 All-items HICP;Index;2015M09;82.55
00 All-items HICP;Index;2015M10;82.55
00 All-items HICP;Index;2015M11;82.30
00 All-items HICP;Index;2015M12;82.24
00 All-items HICP;Index;2016M01;81.86
00 All-items HICP;Index;2016M02;82.28
00 All-items HICP;Index;2016M03;82.34
00 All-items HICP;Index;2016M04;82.47
00 All-items HICP;Index;2016M05;82.68
00 All-items HICP;Index;2016M06;82.76
00 All-items HICP;Index;2016M07;82.66
00 All-items HICP;Index;2016M08;82.36
00 All-items HICP;Index;2016M09;82.34
00 All-items HICP;Index;2016M10;82.57
00 All-items HICP;Index;2016M11;82.46
00 All-items HICP;Index;2016M12;82.51
00 All-items HICP;Index;2017M01;82.46
00 All-items HICP;Index;2017M02;83.03
00 All-items HICP;Index;2017M03;83.08
00 All-items HICP;Index;2017M04;83.33
00 All-items HICP;Index;2017M05;83.22
00 All-items HICP;Index;2017M06;83.11
00 All-items HICP;Index;2017M07;83.89
00 All-items HICP;Index;2017M08;83.60
00 All-items HICP;Index;2017M09;83.66
00 All-items HICP;Index;2017M10;83.77
00 All-items HICP;Index;2017M11;83.50
00 All-items HICP;Index;2017M12;83.18
00 All-items HICP;Index;2018M01;82.88
00 All-items HICP;Index;2018M02;83.43
00 All-items HICP;Index;2018M03;83.42
00 All-items HICP;Index;2018M04;83.91
00 All-items HICP;Index;2018M05;84.06
00 All-items HICP;Index;2018M06;84.01
00 All-items HICP;Index;2018M07;84.64
00 All-items HICP;Index;2018M08;84.26
00 All-items HICP;Index;2018M09;84.09
00 All-items HICP;Index;2018M10;84.34
00 All-items HICP;Index;2018M11;84.06
00 All-items HICP;Index;2018M12;83.74
00 All-items HICP;Index;2019M01;83.94
00 All-items HICP;Index;2019M02;84.33
00 All-items HICP;Index;2019M03;84.42
00 All-items HICP;Index;2019M04;84.67
00 All-items HICP;Index;2019M05;84.64
00 All-items HICP;Index;2019M06;84.39
00 All-items HICP;Index;2019M07;84.94
00 All-items HICP;Index;2019M08;84.63
00 All-items HICP;Index;2019M09;84.43
00 All-items HICP;Index;2019M10;84.77
00 All-items HICP;Index;2019M11;84.58
00 All-items HICP;Index;2019M12;84.42
00 All-items HICP;Index;2020M01;84.54
00 All-items HICP;Index;2020M02;84.93
00 All-items HICP;Index;2020M03;84.67
00 All-items HICP;Index;2020M04;84.59
00 All-items HICP;Index;2020M05;84.45
00 All-items HICP;Index;2020M06;84.54
00 All-items HICP;Index;2020M07;85.32
00 All-items HICP;Index;2020M08;84.99
00 All-items HICP;Index;2020M09;84.83
00 All-items HICP;Index;2020M10;85.07
00 All-items HICP;Index;2020M11;84.94
00 All-items HICP;Index;2020M12;84.74
00 All-items HICP;Index;2021M01;84.93
00 All-items HICP;Index;2021M02;85.35
00 All-items HICP;Index;2021M03;85.39
00 All-items HICP;Index;2021M04;85.79
00 All-items HICP;Index;2021M05;86.01
00 All-items HICP;Index;2021M06;86.10
00 All-items HICP;Index;2021M07;86.77
00 All-items HICP;Index;2021M08;86.53
00 All-items HICP;Index;2021M09;86.84
00 All-items HICP;Index;2021M10;87.77
00 All-items HICP;Index;2021M11;88.10
00 All-items HICP;Index;2021M12;87.60
00 All-items HICP;Index;2022M01;89.03
00 All-items HICP;Index;2022M02;89.83
00 All-items HICP;Index;2022M03;90.49
00 All-items HICP;Index;2022M04;92.18
00 All-items HICP;Index;2022M05;93.10
00 All-items HICP;Index;2022M06;93.97
00 All-items HICP;Index;2022M07;95.15
00 All-items HICP;Index;2022M08;95.13
00 All-items HICP;Index;2022M09;96.54
00 All-items HICP;Index;2022M10;97.75
00 All-items HICP;Index;2022M11;96.70
00 All-items HICP;Index;2022M12;96.02
00 All-items HICP;Index;2023M01;96.49
00 All-items HICP;Index;2023M02;97.25
00 All-items HICP;Index;2023M03;97.11
00 All-items HICP;Index;2023M04;97.37
00 All-items HICP;Index;2023M05;95.83
00 All-items HICP;Index;2023M06;96.19
00 All-items HICP;Index;2023M07;98.20
00 All-items HICP;Index;2023M08;97.37
00 All-items HICP;Index;2023M09;97.10
00 All-items HICP;Index;2023M10;97.37
00 All-items HICP;Index;2023M11;96.93
00 All-items HICP;Index;2023M12;96.42
00 All-items HICP;Index;2024M01;97.42
00 All-items HICP;Index;2024M02;97.85
00 All-items HICP;Index;2024M03;97.85
00 All-items HICP;Index;2024M04;97.87
00 All-items HICP;Index;2024M05;97.85
00 All-items HICP;Index;2024M06;97.89
00 All-items HICP;Index;2024M07;99.16
00 All-items HICP;Index;2024M08;98.64
00 All-items HICP;Index;2024M09;98.23
00 All-items HICP;Index;2024M10;98.88
00 All-items HICP;Index;2024M11;98.47
00 All-items HICP;Index;2024M12;98.18
00 All-items HICP;Index;2025M01;98.80
00 All-items HICP;Index;2025M02;99.82
00 All-items HICP;Index;2025M03;99.26
00 All-items HICP;Index;2025M04;99.33
00 All-items HICP;Index;2025M05;99.35
00 All-items HICP;Index;2025M06;99.64
00 All-items HICP;Index;2025M07;101.34
00 All-items HICP;Index;2025M08;100.56
00 All-items HICP;Index;2025M09;100.43
00 All-items HICP;Index;2025M10;100.98
00 All-items HICP;Index;2025M11;100.47
00 All-items HICP;Index;2025M12;100.03
00 All-items HICP;Index;2026M01;99.37
00 All-items HICP;Index;2026M02;100.28
00 All-items HICP;Index;2026M03;100.25
00 All-items HICP;Index;2026M04;100.52
00 All-items HICP;Index;2026M05;101.14
00 All-items HICP;Index;2026M06;101.41
00 All-items HICP;Index;2026M07;102.95
00 All-items HICP;Index;2026M08;102.55
