forecaster,year,variable,index,current,forecast,edition,title,url,source_id,page,quote,status,note
ØR,2015,gdp,gdp,1.4,1.9,2015-12,"Økonomisk Redegørelse, december 2015",https://regeringen.dk/media/xb0jk32l/oekonomisk-redegoerelse-december-2016.pdf,or-2016-12,174,"Dec. Maj Aug. Sep. Dec. Maj Aug. Dec. || BNP (realvækst, pct.) 1,4 1,7 1,5 1,5 1,4 1,2 1,0 1,6 || BNP (realvækst, pct.) 2,0 2,0 1,9 1,9 1,9 1,1 0,9 0,8",restated,December 2015 edition not reachable; values as restated by the ministry in Tabel B.29 of the December 2016 edition (Dec. 2015 column; rows for 2015 and 2016). Cross-check: ØR May 2016 Tabel 1.5 gives the same Dec. figure for 2016 (1.9).
ØR,2015,inflation,cpi,0.5,1.1,2015-12,"Økonomisk Redegørelse, december 2015",https://regeringen.dk/media/xb0jk32l/oekonomisk-redegoerelse-december-2016.pdf,or-2016-12,174,"Dec. Maj Aug. Sep. Dec. Maj Aug. Dec. || Forbrugerpriser (pct. stigning) 0,8 0,8 0,7 0,7 0,5 0,5 0,5 0,5 || Forbrugerpriser (pct. stigning) 1,5 1,5 1,5 1,5 1,1 0,6 0,5 0,2",restated,"As above (Tabel B.29, December 2016 edition). Cross-check: ØR May 2016 Tabel 1.5 gives 1.1 for 2016 (Dec. column)."
ØR,2016,gdp,gdp,0.8,1.5,2016-12,"Økonomisk Redegørelse, december 2016",https://regeringen.dk/media/xb0jk32l/oekonomisk-redegoerelse-december-2016.pdf,or-2016-12,38,"Aug. Dec. Aug. Dec. Dec. || BNP | 0,9 | 0,8 | 1,5 | 1,5 | 1,7",primary,"Columns: Y Aug./Oct., Dec.; Y+1 Aug./Oct., Dec.; Y+2 Dec. The December columns are used."
ØR,2016,inflation,cpi,0.2,1.2,2016-12,"Økonomisk Redegørelse, december 2016",https://regeringen.dk/media/xb0jk32l/oekonomisk-redegoerelse-december-2016.pdf,or-2016-12,39,"Aug. Dec. Aug. Dec. Dec. || Forbrugerprisindeks | 0,5 | 0,2 | 1,4 | 1,2 | 1,5",primary,"Columns: Y Aug./Oct., Dec.; Y+1 Aug./Oct., Dec.; Y+2 Dec. The December columns are used."
ØR,2017,gdp,gdp,2,1.9,2017-12,"Økonomisk Redegørelse, december 2017",https://regeringen.dk/media/5p1pvo0j/oekonomisk-redegoerelse-december-2017-web.pdf,or-2017-12,46,"Aug. Dec. Aug. Dec. Dec. || BNP | 2,0 | 2,0 | 1,8 | 1,9 | 1,7",primary,"Columns: Y Aug./Oct., Dec.; Y+1 Aug./Oct., Dec.; Y+2 Dec. The December columns are used."
ØR,2017,inflation,cpi,1.2,1.5,2017-12,"Økonomisk Redegørelse, december 2017",https://regeringen.dk/media/5p1pvo0j/oekonomisk-redegoerelse-december-2017-web.pdf,or-2017-12,47,"Aug. Dec. Aug. Dec. Dec. || Forbrugerprisindeks | 1,1 | 1,2 | 1,5 | 1,5 | 1,7",primary,"Columns: Y Aug./Oct., Dec.; Y+1 Aug./Oct., Dec.; Y+2 Dec. The December columns are used."
ØR,2018,gdp,gdp,1.7,1.7,2018-12,"Økonomisk Redegørelse, december 2018",https://regeringen.dk/media/31udkb5x/oekonomisk-redegoerelse-december-2018.pdf,or-2018-12,29,"Aug. Dec. Aug. Dec. Dec. || BNP | 1,8 | 1,7 | 1,8 | 1,7 | 1,6",primary,"Columns: Y Aug./Oct., Dec.; Y+1 Aug./Oct., Dec.; Y+2 Dec. The December columns are used."
ØR,2018,inflation,cpi,0.9,1.5,2018-12,"Økonomisk Redegørelse, december 2018",https://regeringen.dk/media/31udkb5x/oekonomisk-redegoerelse-december-2018.pdf,or-2018-12,30,"Aug. Dec. Aug. Dec. Dec. || Forbrugerprisindeks | 1,1 | 0,9 | 1,6 | 1,5 | 1,8",primary,"Columns: Y Aug./Oct., Dec.; Y+1 Aug./Oct., Dec.; Y+2 Dec. The December columns are used."
ØR,2019,gdp,gdp,2,1.5,2019-12,"Economic Survey, December 2019 (English edition)",https://en.fm.dk/media/mxwkmcmw/economic-survey-december-2019.pdf,or-2019-12-en,17,Oct. Dec. Oct. Dec. Dec. || GDP | 1.7 | 2.0 | 1.6 | 1.5 | 1.4,primary,"Columns: Y Aug./Oct., Dec.; Y+1 Aug./Oct., Dec.; Y+2 Dec. The December columns are used."
ØR,2019,inflation,cpi,0.8,1.2,2019-12,"Economic Survey, December 2019 (English edition)",https://en.fm.dk/media/mxwkmcmw/economic-survey-december-2019.pdf,or-2019-12-en,18,Oct. Dec. Oct. Dec. Dec. || Consumer prices | 1.0 | 0.8 | 1.4 | 1.2 | 1.6,primary,"Columns: Y Aug./Oct., Dec.; Y+1 Aug./Oct., Dec.; Y+2 Dec. The December columns are used."
ØR,2020,gdp,gdp,-3.8,2.8,2020-12,"Økonomisk Redegørelse, december 2020",https://fm.dk/media/xxgfxm2j/oekonomisk-redegoerelse-december-2020_web.pdf,or-2020-12,27,"Aug. Dec. Aug. Dec. Dec. || BNP | -4,5 | -3,8 | 4,2 | 2,8 | 3,1",primary,"Columns: Y Aug./Oct., Dec.; Y+1 Aug./Oct., Dec.; Y+2 Dec. The December columns are used."
ØR,2020,inflation,cpi,0.5,1.2,2020-12,"Økonomisk Redegørelse, december 2020",https://fm.dk/media/xxgfxm2j/oekonomisk-redegoerelse-december-2020_web.pdf,or-2020-12,28,"Aug. Dec. Aug. Dec. Dec. || Forbrugerprisindeks | 0,3 | 0,5 | 1,2 | 1,2 | 1,6",primary,"Columns: Y Aug./Oct., Dec.; Y+1 Aug./Oct., Dec.; Y+2 Dec. The December columns are used."
ØR,2021,gdp,gdp,3.9,2.8,2021-12,"Økonomisk Redegørelse, december 2021",https://fm.dk/media/3kphzibb/oekonomisk-redegoerelse-december-2021_a.pdf,or-2021-12,28,"2021 | 2022 | 2023 || BNP | 3,8 | 3,9 | 2,8 | 2,8 | 2,1",primary,"Columns: 2021 Aug., Dec.; 2022 Aug., Dec.; 2023 Dec."
ØR,2021,inflation,cpi,1.8,2.2,2021-12,"Økonomisk Redegørelse, december 2021",https://fm.dk/media/3kphzibb/oekonomisk-redegoerelse-december-2021_a.pdf,or-2021-12,29,"2021 | 2022 | 2023 || Forbrugerprisindeks | 1,3 | 1,8 | 1,5 | 2,2 | 1,8",primary,"Columns: 2021 Aug., Dec.; 2022 Aug., Dec.; 2023 Dec."
ØR,2022,gdp,gdp,2.8,0.8,2022-08,"Økonomisk Redegørelse, august 2022",https://fm.dk/media/gwkntgbm/oekonomisk-redegoerelse-august-2022_web_a.pdf,or-2022-08,36,"Maj August Maj August || BNP | 4,9 | 3,4 | 2,8 | 1,9 | 0,8 || @or-2023-12 p.216: Maj Aug. Mar. Maj Aug. Dec.",primary,No December 2022 edition (general election 1 Nov 2022); the August 2022 edition is the latest on or before 31 Dec 2022. The ministry's own history table in the December 2023 edition (p.216) goes Aug. 2022 -> Mar. 2023.
ØR,2022,inflation,cpi,7.3,3.3,2022-08,"Økonomisk Redegørelse, august 2022",https://fm.dk/media/gwkntgbm/oekonomisk-redegoerelse-august-2022_web_a.pdf,or-2022-08,37,"Maj August Maj August || Forbrugerprisindeks | 1,9 | 5,2 | 7,3 | 1,8 | 3,3",primary,No December 2022 edition (general election 1 Nov 2022); the August 2022 edition is the latest on or before 31 Dec 2022. The ministry's own history table in the December 2023 edition (p.216) goes Aug. 2022 -> Mar. 2023.
ØR,2023,gdp,gdp,1.2,1.4,2023-12,"Økonomisk Redegørelse, december 2023",https://oem.dk/media/gp2h10nx/oekonomisk-redegoerelse-december-2023-20231212-a.pdf,or-2023-12,31,"Aug. Dec. Aug. Dec. Dec. || BNP | 1,2 | 1,2 | 1,4 | 1,4 | 1,0",primary,"Columns: Y Aug./Oct., Dec.; Y+1 Aug./Oct., Dec.; Y+2 Dec. The December columns are used."
ØR,2023,inflation,cpi,3.4,2.8,2023-12,"Økonomisk Redegørelse, december 2023",https://oem.dk/media/gp2h10nx/oekonomisk-redegoerelse-december-2023-20231212-a.pdf,or-2023-12,32,"Aug. Dec. Aug. Dec. Dec. || Forbrugerprisindeks | 3,8 | 3,4 | 3,0 | 2,8 | 2,1",primary,"Columns: Y Aug./Oct., Dec.; Y+1 Aug./Oct., Dec.; Y+2 Dec. The December columns are used."
ØR,2024,gdp,gdp,3,2.9,2024-12,"Økonomisk Redegørelse, december 2024",https://oem.dk/media/0pvihs1s/oekonomisk-redegoerelse_december-2024_web-a.pdf,or-2024-12,29,"Aug. Dec. Aug. Dec. Dec. || BNP | 1,9 | 3,0 | 2,2 | 2,9 | 1,7",primary,"Columns: Y Aug./Oct., Dec.; Y+1 Aug./Oct., Dec.; Y+2 Dec. The December columns are used."
ØR,2024,inflation,cpi,1.5,1.9,2024-12,"Økonomisk Redegørelse, december 2024",https://oem.dk/media/0pvihs1s/oekonomisk-redegoerelse_december-2024_web-a.pdf,or-2024-12,30,"Aug. Dec. Aug. Dec. Dec. || Forbrugerprisindeks | 1,8 | 1,5 | 2,0 | 1,9 | 1,7",primary,"Columns: Y Aug./Oct., Dec.; Y+1 Aug./Oct., Dec.; Y+2 Dec. The December columns are used."
NB,2015,gdp,gdp,1.4,1.8,2015-12,"Monetary Review, 4th Quarter 2015",https://www.nationalbanken.dk/media/rmimcval/monetary-review-4th-quarter-2015.pdf,nb-2015-12,26,per cent | 2014 | 2015 | 2016 | 2017 | Q1 | Q2 | Q3 || GDP | 1.3 | 1.4 | 1.8 | 2.0 | 0.7 | 0.2 | -0.1,primary,"Table 2, Key economic variables. Columns 2014, 2015, 2016, 2017."
NB,2015,inflation,hicp,0.3,1.3,2015-12,"Monetary Review, 4th Quarter 2015",https://www.nationalbanken.dk/media/rmimcval/monetary-review-4th-quarter-2015.pdf,nb-2015-12,26,"Consumer prices, per cent year-on-year | 0.3 | 0.3 | 1.3 | 1.9 | 0.0 | 0.4 | 0.4 || HICP | 0.3 | 0.3 | 1.3 | 1.9 | 0.4 | 0.4 | 1.0 | 0.2 | 0.4 | 0.5",primary,Table 2 row 'Consumer prices'; the same figures appear as the HICP row on p.32.
NB,2016,gdp,gdp,1,1.4,2016-12,"Monetary Review, 4th Quarter 2016",http://www.nationalbanken.dk/media/2g5o32nk/monetary-review-4th-quarter-2016.pdf,nb-2016-12,30,per cent | 2015 | 2016 | 2017 | 2018 | Q1 | Q2 | Q3 || GDP | 1.6 | 1.0 | 1.4 | 1.5 | 0.8 | 0.2 | 0.4,primary,"Table 1, Key economic variables. Columns 2015-2018. The same figures are printed as 'Projection, December 2016' in the March 2017 outlook (Table A2)."
NB,2016,inflation,hicp,0,1.1,2016-12,"Monetary Review, 4th Quarter 2016",http://www.nationalbanken.dk/media/2g5o32nk/monetary-review-4th-quarter-2016.pdf,nb-2016-12,30,"per cent | 2015 | 2016 | 2017 | 2018 | Q1 | Q2 | Q3 || Consumer prices, per cent year-on-year | 0.2 | 0.0 | 1.1 | 1.8 | 0.1 | -0.1 | -0.1 || HICP | 0.2 | 0.0 | 1.1 | 1.8 | -0.1 | 0.2 | 0.6 | 0.1 | 0.2 | 0.2",primary,Table 1 row 'Consumer prices'; the same figures are the HICP row of Table 2 (p.37).
NB,2017,gdp,gdp,2.3,1.8,2017-12,"Outlook for the Danish economy, December 2017",https://www.nationalbanken.dk/media/a5fl4m0b/analyse-moderat-hoejkonjunktur-i-de-kommende-aar.pdf,nb-2018-03,19,"BNP Forbrugerpriser, HICP || Prognose fra december 2017 | 2,3 | 1,8 | 1,7 | 1,0 | 1,4 | 1,7 || Pct., år-år | 2017 | 2018 | 2019 | 2017 | 2018 | 2019",restated,"Original (Outlook for the Danish economy, December 2017) could not be retrieved; values as restated by Danmarks Nationalbank in Tabel A2 of its March 2018 outlook, row 'Prognose fra december 2017': BNP for 2017-2019, then Forbrugerpriser, HICP for 2017-2019."
NB,2017,inflation,hicp,1,1.4,2017-12,"Outlook for the Danish economy, December 2017",https://www.nationalbanken.dk/media/a5fl4m0b/analyse-moderat-hoejkonjunktur-i-de-kommende-aar.pdf,nb-2018-03,19,"BNP Forbrugerpriser, HICP || Prognose fra december 2017 | 2,3 | 1,8 | 1,7 | 1,0 | 1,4 | 1,7 || Pct., år-år | 2017 | 2018 | 2019 | 2017 | 2018 | 2019",restated,"Original (Outlook for the Danish economy, December 2017) could not be retrieved; values as restated by Danmarks Nationalbank in Tabel A2 of its March 2018 outlook, row 'Prognose fra december 2017': BNP for 2017-2019, then Forbrugerpriser, HICP for 2017-2019."
NB,2018,gdp,gdp,1.3,1.8,2018-09,"Outlook for the Danish economy, September 2018",https://www.nationalbanken.dk/media/ez5cjioj/analysis-boom-with-no-signs-of-imbalances.pdf,nb-2018-09,10,"Real growth against the previous year, per cent | 2017 | 2018 | 2019 | 2020 | Q4 | Q1 | Q2 || GDP | 2.3 | 1.3 | 1.8 | 1.7 | 0.9 | 0.3 | 0.2 || @nb-2019-03 p.22: GDP Consumer prices, HICP || @nb-2019-03 p.22: Projection, September 2018 | 1.3 | 1.8 | 1.7 | 0.8 | 1.4 | 1.6",primary,"Table 1. Columns 2017-2020. Danmarks Nationalbank's next outlook (March 2019) compares with 'Projection, September 2018' in its revision table, so there was no December 2018 projection; that table also names the price index: 'Consumer prices, HICP'."
NB,2018,inflation,hicp,0.8,1.4,2018-09,"Outlook for the Danish economy, September 2018",https://www.nationalbanken.dk/media/ez5cjioj/analysis-boom-with-no-signs-of-imbalances.pdf,nb-2018-09,10,"Real growth against the previous year, per cent | 2017 | 2018 | 2019 | 2020 | Q4 | Q1 | Q2 || Consumer prices, per cent year-on-year | 1.1 | 0.8 | 1.4 | 1.6 | 1.2 | 0.5 | 0.9 || @nb-2019-03 p.22: GDP Consumer prices, HICP || @nb-2019-03 p.22: Projection, September 2018 | 1.3 | 1.8 | 1.7 | 0.8 | 1.4 | 1.6",primary,"Table 1. Columns 2017-2020. Danmarks Nationalbank's next outlook (March 2019) compares with 'Projection, September 2018' in its revision table, so there was no December 2018 projection; that table also names the price index: 'Consumer prices, HICP'."
NB,2019,gdp,gdp,1.8,1.5,2019-09,"Outlook for the Danish economy, September 2019",https://www.nationalbanken.dk/media/n2war15y/analysis-no-20-outlook-for-the-danish-economy-september-2019.pdf,nb-2019-09,14,"Real growth on preceding period, per cent | 2018 | 2019 | 2020 | 2021 | Q4 | Q1 | Q2 || GDP | 1.5 | 1.8 | 1.5 | 1.5 | 0.8 | 0.2 | 0.8",primary,Table 1. Columns 2018-2021. In 2019 the Nationalbank's outlook came in March and September; no December 2019 edition was found.
NB,2019,inflation,hicp,0.8,1,2019-09,"Outlook for the Danish economy, September 2019",https://www.nationalbanken.dk/media/n2war15y/analysis-no-20-outlook-for-the-danish-economy-september-2019.pdf,nb-2019-09,14,"Real growth on preceding period, per cent | 2018 | 2019 | 2020 | 2021 | Q4 | Q1 | Q2 || Consumer prices (HICP), per cent year-on-year | 0.7 | 0.8 | 1.0 | 1.5 | 0.7 | 1.2 | 0.7",primary,Table 1. Columns 2018-2021. In 2019 the Nationalbank's outlook came in March and September; no December 2019 edition was found.
NB,2020,gdp,gdp,-3.9,2.9,2020-12,"Udsigter for dansk økonomi, december 2020",https://www.nationalbanken.dk/media/xhpfk4uy/analyse-nr-26-smittespredning-forsinker-genopretningen.pdf,nb-2020-12,9,"Realvækst i forhold til perioden før, pct. | 2019 | 2020 | 2021 | 2022 | 1. kvt. | 2. kvt. | 3. kvt. || BNP | 2,8 | -3,9 | 2,9 | 3,3 | -1,6 | -7,0 | 4,9",primary,Tabel 1. Columns 2019-2022. Extra December edition during the pandemic.
NB,2020,inflation,hicp,0.3,1.1,2020-12,"Udsigter for dansk økonomi, december 2020",https://www.nationalbanken.dk/media/xhpfk4uy/analyse-nr-26-smittespredning-forsinker-genopretningen.pdf,nb-2020-12,9,"Realvækst i forhold til perioden før, pct. | 2019 | 2020 | 2021 | 2022 | 1. kvt. | 2. kvt. | 3. kvt. || Forbrugerpriser (HICP), pct. år-år | 0,7 | 0,3 | 1,1 | 1,4 | 0,6 | 0,0 | 0,4",primary,Tabel 1. Columns 2019-2022. Extra December edition during the pandemic.
NB,2021,gdp,gdp,3.8,3.1,2021-09,"Outlook for the Danish economy, September 2021",https://www.nationalbanken.dk/media/acbhbbbv/analysis-no-24-the-economy-heading-back-towards-a-moderate-boom.pdf,nb-2021-09,18,"Real growth relative to the previous period, per cent | 2020 | 2021 | 2022 | 2023 | Q4 | Q1 | Q2 || GDP | -2.1 | 3.8 | 3.1 | 2.4 | 0.9 | -0.9 | 2.3",primary,Table 1. Columns 2020-2023.
NB,2021,inflation,hicp,1.5,1.7,2021-09,"Outlook for the Danish economy, September 2021",https://www.nationalbanken.dk/media/acbhbbbv/analysis-no-24-the-economy-heading-back-towards-a-moderate-boom.pdf,nb-2021-09,18,"Real growth relative to the previous period, per cent | 2020 | 2021 | 2022 | 2023 | Q4 | Q1 | Q2 || Consumer prices (HICP), per cent year-on-year | 0.3 | 1.5 | 1.7 | 1.6 | 0.4 | 0.6 | 1.7",primary,Table 1. Columns 2020-2023.
NB,2022,gdp,gdp,2,-0.1,2022-09,"Outlook for the Danish economy, September 2022",https://www.nationalbanken.dk/media/2txlffs3/the-pressure-on-the-economy-should-be-eased.pdf,nb-2022-09,16,"Real growth relative to the previous period, per cent | 2021 | 2022 | 2023 | 2024 | Q4 | Q1 | Q2 || GDP | 4.9 | 2.0 | -0.1 | 1.2 | 2.5 | -1.1 | 0.9 || @nb-2023-03 p.45: Projection from September | 2.0 | -0.1 | 1.2 | 8.6 | 4.3 | 1.7",primary,Table 2. Columns 2021-2024. No December 2022 projection: the revision table of the March 2023 outlook (p.45) compares with 'Projection from September'.
NB,2022,inflation,hicp,8.6,4.3,2022-09,"Outlook for the Danish economy, September 2022",https://www.nationalbanken.dk/media/2txlffs3/the-pressure-on-the-economy-should-be-eased.pdf,nb-2022-09,16,"Real growth relative to the previous period, per cent | 2021 | 2022 | 2023 | 2024 | Q4 | Q1 | Q2 || Consumer prices (HICP), per cent year-on-year | 1.9 | 8.6 | 4.3 | 1.7 | 3.5 | 5.4 | 8.2 || @nb-2023-03 p.45: Projection from September | 2.0 | -0.1 | 1.2 | 8.6 | 4.3 | 1.7",primary,Table 2. Columns 2021-2024. No December 2022 projection: the revision table of the March 2023 outlook (p.45) compares with 'Projection from September'.
NB,2023,gdp,gdp,1.7,1.3,2023-09,"Outlook for the Danish economy, September 2023",https://www.nationalbanken.dk/media/qgkddum4/persistently-high-inflationary-pressures-call-for-tight-economic-policy.pdf,nb-2023-09,31,"Real growth relative to the previous period, per cent | 2022 | 2023 | 2024 | 2025 | Q4 | Q1 | Q2 || GDP | 2.7 | 1.7 | 1.3 | 1.3 | 0.5 | 0.7 | 0.3",primary,Table 1. Columns 2022-2025.
NB,2023,inflation,hicp,3.8,3,2023-09,"Outlook for the Danish economy, September 2023",https://www.nationalbanken.dk/media/qgkddum4/persistently-high-inflationary-pressures-call-for-tight-economic-policy.pdf,nb-2023-09,31,"Real growth relative to the previous period, per cent | 2022 | 2023 | 2024 | 2025 | Q4 | Q1 | Q2 || Consumer prices (HICP), per cent year-on-year | 8.5 | 3.8 | 3.0 | 2.6 | 10.2 | 8.0 | 3.6",primary,Table 1. Columns 2022-2025.
NB,2024,gdp,gdp,2.1,2.3,2024-09,"Outlook for the Danish economy, September 2024",https://www.nationalbanken.dk/media/4uudvvk5/the-outlook-is-for-a-stable-price-development-in-the-danish-economy.pdf,nb-2024-09,54,"Real growth relative to the previous period, per cent | 2023 | 2024* | 2025* | 2026* | Q4 | Q1 | Q2 || GDP | 2.5 | 2.1 | 2.3 | 1.5 | 1.7 | -1.0 | 0.6",primary,Table 2. Columns 2023-2026.
NB,2024,inflation,hicp,1.3,2.1,2024-09,"Outlook for the Danish economy, September 2024",https://www.nationalbanken.dk/media/4uudvvk5/the-outlook-is-for-a-stable-price-development-in-the-danish-economy.pdf,nb-2024-09,54,"Real growth relative to the previous period, per cent | 2023 | 2024* | 2025* | 2026* | Q4 | Q1 | Q2 || Consumer prices (HICP), per cent year-on-year | 3.4 | 1.3 | 2.1 | 1.8 | 0.1 | 0.8 | 1.5",primary,Table 2. Columns 2023-2026.
DØR,2015,gdp,gdp,1.6,2.1,2015-autumn,"Dansk Økonomi, efterår 2015",https://dors.dk/files/media/rapporter/2015/E15/kap_i/e15_kap_i_konjunkturvurdering.pdf,dor-2015-kap1,3,"2014 2015 2016 2017 2025 || BNP (realvækst i pct.) | 1,1 1,6 2,1 2,3 2,1",primary,Inflation is the private consumption deflator (table note: 'Forbrugerpriserne er udtrykt ved deflatoren for det private forbrug').
DØR,2015,inflation,pce_deflator,1,1.6,2015-autumn,"Dansk Økonomi, efterår 2015",https://dors.dk/files/media/rapporter/2015/E15/kap_i/e15_kap_i_konjunkturvurdering.pdf,dor-2015-kap1,3,"2014 2015 2016 2017 2025 || Inflation (pct.) | 0,7 1,0 1,6 1,8 1,8 || priserne er udtrykt ved deflatoren for det private forbrug. Det er antaget, at ændringen i den",primary,Inflation is the private consumption deflator (table note: 'Forbrugerpriserne er udtrykt ved deflatoren for det private forbrug').
DØR,2016,gdp,gdp,1,2,2016-autumn,"Dansk Økonomi, efterår 2016",https://dors.dk/files/media/rapporter/2016/E16/kap_i/e16_kap_i.pdf,dor-2016-kap1,2,"2015 | 2016 | 2017 | 2018 2025 || BNP (realvækst i pct.) | 1,0 | 1,0 | 2,0 | 2,2 | 1,9",primary,Inflation is the private consumption deflator (table note: 'Forbrugerpriserne er udtrykt ved deflatoren for det private forbrug').
DØR,2016,inflation,pce_deflator,0.4,1.5,2016-autumn,"Dansk Økonomi, efterår 2016",https://dors.dk/files/media/rapporter/2016/E16/kap_i/e16_kap_i.pdf,dor-2016-kap1,2,"2015 | 2016 | 2017 | 2018 2025 || Inflation (pct.) | 0,6 | 0,4 | 1,5 | 2,0 | 2,1 || forbrugerpriserne er udtrykt ved deflatoren for det private forbrug. Det er antaget, at ændrin-",primary,Inflation is the private consumption deflator (table note: 'Forbrugerpriserne er udtrykt ved deflatoren for det private forbrug').
DØR,2017,gdp,gdp,2.3,2.3,2017-autumn,"Dansk Økonomi, efterår 2017",https://dors.dk/files/media/rapporter/2017/E17/kap_i/e17_kap_i_konjunktur_og_offentlige_finanser.pdf,dor-2017-kap1,5,"2016 | 2017 2018 2019 2025 || Bruttonationalprodukt | 2.065 | 2,3 | 2,3 | 2,0 | 2,1",primary,Inflation is the private consumption deflator (table note: 'Forbrugerpriserne er udtrykt ved deflatoren for det private forbrug').
DØR,2017,inflation,pce_deflator,1,2,2017-autumn,"Dansk Økonomi, efterår 2017",https://dors.dk/files/media/rapporter/2017/E17/kap_i/e17_kap_i_konjunktur_og_offentlige_finanser.pdf,dor-2017-kap1,5,"2016 | 2017 2018 2019 2025 || Forbrugerpriser | 0,5 | 1,0 | 2,0 | 1,6 | 1,7 || fra det strukturelle niveau. Forbrugerpriserne er udtrykt ved deflatoren for det private forbrug.",primary,Inflation is the private consumption deflator (table note: 'Forbrugerpriserne er udtrykt ved deflatoren for det private forbrug').
DØR,2018,gdp,gdp,1.3,2.4,2018-autumn,"Dansk Økonomi, efterår 2018",https://dors.dk/files/media/rapporter/2018/E18/kapitel_1/e18_kap_i_konjunktur_og_offentlige_finanser.pdf,dor-2018-kap1,5,"2017 | 2018 | 2019 | 2020 | 2025 a) || BNP (realvækst i pct.) | 2,3 | 1,3 | 2,4 | 2,1 | 1,7",primary,Inflation is the private consumption deflator (table note: 'Forbrugerpriserne er udtrykt ved deflatoren for det private forbrug').
DØR,2018,inflation,pce_deflator,0.8,1.8,2018-autumn,"Dansk Økonomi, efterår 2018",https://dors.dk/files/media/rapporter/2018/E18/kapitel_1/e18_kap_i_konjunktur_og_offentlige_finanser.pdf,dor-2018-kap1,5,"2017 | 2018 | 2019 | 2020 | 2025 a) || Inflation (pct.) | 1,2 | 0,8 | 1,8 | 1,9 | 2,0 || relle beskæftigelse målt i personer. Forbrugerpriserne er udtrykt ved deflatoren for det private forbrug.",primary,Inflation is the private consumption deflator (table note: 'Forbrugerpriserne er udtrykt ved deflatoren for det private forbrug').
DØR,2019,gdp,gdp,2,1.3,2019-autumn,"Dansk Økonomi, efterår 2019",https://dors.dk/files/media/rapporter/2019/e19/endelig_rapport/e19_kapitel_i_konjunktur_og_offentlige_finanser.pdf,dor-2019-kap1,9,"2018 | 2019 | 2020 | 2025 || BNP (realvækst i pct.) | 1,5 | 2,0 | 1,3 | 1,8",primary,Inflation is the private consumption deflator (table note: 'Forbrugerpriserne er udtrykt ved deflatoren for det private forbrug').
DØR,2019,inflation,pce_deflator,1,1.3,2019-autumn,"Dansk Økonomi, efterår 2019",https://dors.dk/files/media/rapporter/2019/e19/endelig_rapport/e19_kapitel_i_konjunktur_og_offentlige_finanser.pdf,dor-2019-kap1,9,"2018 | 2019 | 2020 | 2025 || Forbrugerpriser (pct.) | 0,9 | 1,0 | 1,3 | 1,2 || relle beskæftigelse målt i personer. Forbrugerpriserne er udtrykt ved deflatoren for det private forbrug.",primary,Inflation is the private consumption deflator (table note: 'Forbrugerpriserne er udtrykt ved deflatoren for det private forbrug').
DØR,2020,gdp,gdp,-3.6,3.8,2020-autumn,"Dansk Økonomi, efterår 2020",https://dors.dk/files/media/rapporter/2020/e20/endelig_rapport/e20_kap.ii_konjunktur_og_offentlige_finanser.pdf,dor-2020-kap2,4,"2019 | 2020 | 2021 | 2025 a) || BNP (realvækst i pct.) | 2,8 | -3,6 | 3,8 | 2,3",primary,"Inflation is the private consumption deflator (table note: 'Forbrugerpriserne er udtrykt ved deflatoren for det private forbrug'). Inflation from Tabel II.2 (p.13): columns 2019 (bn DKK), 2019, 2020, 2021, 2025."
DØR,2020,inflation,pce_deflator,0.4,1.3,2020-autumn,"Dansk Økonomi, efterår 2020",https://dors.dk/files/media/rapporter/2020/e20/endelig_rapport/e20_kap.ii_konjunktur_og_offentlige_finanser.pdf,dor-2020-kap2,13,"Forbrugerpriser | 0,8 | 0,8 | 0,4 | 1,3 | 1,2 || relle beskæftigelse målt i personer. Forbrugerpriserne er udtrykt ved deflatoren for det private forbrug.",primary,"Inflation is the private consumption deflator (table note: 'Forbrugerpriserne er udtrykt ved deflatoren for det private forbrug'). Inflation from Tabel II.2 (p.13): columns 2019 (bn DKK), 2019, 2020, 2021, 2025."
DØR,2021,gdp,gdp,3.9,3.6,2021-autumn,"Dansk Økonomi, efterår 2021",https://dors.dk/files/media/rapporter/2021/e21/endelig_rapport/dansk_oekonomi_efteraar_2021_web.pdf,dor-2021,48,"2019 | 2020 | 2021 | 2022 | 2025 a) | 2030 a) || BNP (realvækst i pct.) | 2,1 | -2,1 | 3,9 | 3,6 | 1,1 | 1,4",primary,Inflation is the private consumption deflator (table note: 'Forbrugerpriserne er udtrykt ved deflatoren for det private forbrug').
DØR,2021,inflation,pce_deflator,1.5,1.4,2021-autumn,"Dansk Økonomi, efterår 2021",https://dors.dk/files/media/rapporter/2021/e21/endelig_rapport/dansk_oekonomi_efteraar_2021_web.pdf,dor-2021,63,"Forbrugerpriser | 0,8 | 0,5 | 1,5 | 1,4 | 1,1 || relle beskæftigelse målt i personer. Forbrugerpriserne er udtrykt ved deflatoren for det private forbrug.",primary,Inflation is the private consumption deflator (table note: 'Forbrugerpriserne er udtrykt ved deflatoren for det private forbrug').
DØR,2022,gdp,gdp,2.3,-0.2,2022-autumn,"Dansk Økonomi, efterår 2022",https://dors.dk/files/media/rapporter/2022/e22/endelig_rapport/e22_kap._ii.pdf,dor-2022-kap2,4,"2021 | 2022 | 2023 | 2024 | 2030 a) || BNP (realvækst i pct.) | 4,9 | 2,3 | -0,2 | 0,6 | 1,6",primary,Inflation is the private consumption deflator (table note: 'Forbrugerpriserne er udtrykt ved deflatoren for det private forbrug'). Published 11 October 2022 (press release embargo). Source is the original chapter II; the full report now on dors.dk is a version revised in May 2023 with the same figures (p.48).
DØR,2022,inflation,pce_deflator,8.1,5.1,2022-autumn,"Dansk Økonomi, efterår 2022",https://dors.dk/files/media/rapporter/2022/e22/endelig_rapport/e22_kap._ii.pdf,dor-2022-kap2,4,"2021 | 2022 | 2023 | 2024 | 2030 a) || Inflation (pct.) | 2,1 | 8,1 | 5,1 | 0,8 | 1,5 || Anm.: Forbrugerpriserne er udtrykt ved deflatoren for det private forbrug.",primary,Inflation is the private consumption deflator (table note: 'Forbrugerpriserne er udtrykt ved deflatoren for det private forbrug'). Published 11 October 2022 (press release embargo). Source is the original chapter II; the full report now on dors.dk is a version revised in May 2023 with the same figures (p.48).
DØR,2023,gdp,gdp,1.7,1.3,2023-autumn,"Dansk Økonomi, efterår 2023",https://dors.dk/files/media/E23_Kap.II_.pdf,dor-2023-kap2,4,"2022 | 2023 | 2024 | 2025 | 2030 || BNP (realvækst i pct.) | 2,7 | 1,7 | 1,3 | 0,6 | 1,1",primary,Inflation is the private consumption deflator (table note: 'Forbrugerpriserne er udtrykt ved deflatoren for det private forbrug').
DØR,2023,inflation,pce_deflator,3.8,2.6,2023-autumn,"Dansk Økonomi, efterår 2023",https://dors.dk/files/media/E23_Kap.II_.pdf,dor-2023-kap2,4,"2022 | 2023 | 2024 | 2025 | 2030 || Inflation (pct.) | 7,5 | 3,8 | 2,6 | 1,7 | 1,4 || Anm.: Inflationen er udtrykt ved væksten i deflatoren for det private forbrug.",primary,Inflation is the private consumption deflator (table note: 'Forbrugerpriserne er udtrykt ved deflatoren for det private forbrug').
DØR,2024,gdp,gdp,2.3,2.8,2024-autumn,"Dansk Økonomi, efterår 2024",https://dors.dk/files/media/E24_KapII.pdf,dor-2024-kap2,3,"2023 | 2024 | 2025 | 2030 a) || BNP (realvækst i pct.) | 2,5 | 2,3 | 2,8 | 0,9",primary,Inflation is the private consumption deflator (table note: 'Forbrugerpriserne er udtrykt ved deflatoren for det private forbrug'). Inflation from Tabel II.3 (p.45).
DØR,2024,inflation,pce_deflator,1.5,1.5,2024-autumn,"Dansk Økonomi, efterår 2024",https://dors.dk/files/media/E24_KapII.pdf,dor-2024-kap2,45,"Forbrugerpriser | 2,9 | 1,5 | 1,5 | 1,8 || er udtrykt ved deflatoren for det private forbrug. Lagerinvesteringerne angiver vækstbidraget til BNP.",primary,Inflation is the private consumption deflator (table note: 'Forbrugerpriserne er udtrykt ved deflatoren for det private forbrug'). Inflation from Tabel II.3 (p.45).
