id,url,http,bytes,sha256,fetched_at
dor-2015-kap1,https://dors.dk/files/media/rapporter/2015/E15/kap_i/e15_kap_i_konjunkturvurdering.pdf,000,0,,2026-09-29T18:12:34Z
dor-2015-page,https://dors.dk/vismandsrapporter/dansk-oekonomi-efteraar-2015,000,0,,2026-09-29T18:12:22Z
dor-2015-press,https://dors.dk/files/media/rapporter/2015/E15/e15_pressemeddelelse.pdf,000,0,,2026-09-29T18:12:35Z
dor-2016,https://dors.dk/files/media/rapporter/2016/E16/e16.pdf,000,0,,2026-09-29T18:12:30Z
dor-2016-kap1,https://dors.dk/files/media/rapporter/2016/E16/kap_i/e16_kap_i.pdf,000,0,,2026-09-29T18:12:36Z
dor-2016-page,https://dors.dk/vismandsrapporter/dansk-oekonomi-efteraar-2016,000,0,,2026-09-29T18:12:23Z
dor-2017-kap1,https://dors.dk/files/media/rapporter/2017/E17/kap_i/e17_kap_i_konjunktur_og_offentlige_finanser.pdf,000,0,,2026-09-29T18:12:36Z
dor-2017-page,https://dors.dk/vismandsrapporter/dansk-oekonomi-efteraar-2017,000,0,,2026-09-29T18:12:24Z
dor-2018,https://dors.dk/files/media/rapporter/2018/E18/e18_dansk_oekonomi_efteraar_2018.pdf,000,0,,2026-09-29T18:12:30Z
dor-2018-kap1,https://dors.dk/files/media/rapporter/2018/E18/kapitel_1/e18_kap_i_konjunktur_og_offentlige_finanser.pdf,000,0,,2026-09-29T18:12:37Z
dor-2018-page,https://dors.dk/vismandsrapporter/dansk-oekonomi-efteraar-2018,000,0,,2026-09-29T18:12:24Z
dor-2019-kap1,https://dors.dk/files/media/rapporter/2019/e19/endelig_rapport/e19_kapitel_i_konjunktur_og_offentlige_finanser.pdf,000,0,,2026-09-29T18:12:38Z
dor-2019-page,https://dors.dk/vismandsrapporter/dansk-oekonomi-efteraar-2019,000,0,,2026-09-29T18:12:25Z
dor-2020-kap2,https://dors.dk/files/media/rapporter/2020/e20/endelig_rapport/e20_kap.ii_konjunktur_og_offentlige_finanser.pdf,000,0,,2026-09-29T18:12:39Z
dor-2020-page,https://dors.dk/vismandsrapporter/dansk-oekonomi-efteraar-2020,000,0,,2026-09-29T18:12:26Z
dor-2021,https://dors.dk/files/media/rapporter/2021/e21/endelig_rapport/dansk_oekonomi_efteraar_2021_web.pdf,000,0,,2026-09-29T18:12:31Z
dor-2021-bg,https://dors.dk/files/media/rapporter/2021/e21/baggrundsmateriale/dansk_oekonomi_efteraar_2021_kap_ii_baggrundsnotat_til_konjunkturvurdering.pdf,000,0,,2026-09-29T18:12:40Z
dor-2021-kap1,https://dors.dk/files/media/rapporter/2021/e21/endelig_rapport/e21_kap_i.pdf,000,0,,2026-09-29T18:12:39Z
dor-2021-page,https://dors.dk/vismandsrapporter/dansk-oekonomi-efteraar-2021,000,0,,2026-09-29T18:12:27Z
dor-2022,https://dors.dk/files/media/rapporter/2022/e22/endelig_rapport/WEB_E22_Revideret%20maj%202023_med%20links.pdf,000,0,,2026-09-29T18:12:32Z
dor-2022-bg,https://dors.dk/files/media/rapporter/2022/e22/baggrundsmateriale/e22_kap._ii_konjunktur_baggrundsnotat_konjunkturvurdering_ny.pdf,000,0,,2026-09-29T18:12:41Z
dor-2022-page,https://dors.dk/vismandsrapporter/dansk-oekonomi-efteraar-2022,000,0,,2026-09-29T18:12:27Z
dor-2023,https://dors.dk/files/media/Dansk_oekonomi_efteraar_2023.pdf,000,0,,2026-09-29T18:12:33Z
dor-2023-kap2,https://dors.dk/files/media/E23_Kap.II_.pdf,000,0,,2026-09-29T18:12:41Z
dor-2023-page,https://dors.dk/vismandsrapporter/dansk-oekonomi-efteraar-2023,000,0,,2026-09-29T18:12:28Z
dor-2024-kap1,https://dors.dk/files/media/E24_KapI.pdf,000,0,,2026-09-29T18:12:42Z
dor-2024-kap2,https://dors.dk/files/media/E24_KapII.pdf,000,0,,2026-09-29T18:12:43Z
dor-2024-page,https://dors.dk/vismandsrapporter/dansk-oekonomi-efteraar-2024,000,0,,2026-09-29T18:12:29Z
dor-eval-2026,https://dors.dk/files/media/F26_kapII_Prognoseevaluering.pdf,000,0,,2026-09-29T18:12:33Z
nb-2015-q4-page,https://www.nationalbanken.dk/en/publications/Pages/2015/12/Monetary-review-4th-Quarter-2015.aspx,200,31689,5b1380b41c02df359e164a5971782be4aafcb1aa46cd8bfcfaee5c5dedc299fa,2026-09-29T18:12:44Z
nb-2016-q1,https://www.nationalbanken.dk/media/oerbpidk/aomt-1q-2016-en.pdf,200,1278956,1aa2c7093df40003dde9e3691bf721547f4b29962f7d0cd3e91f28a7e2501fdc,2026-09-29T18:12:10Z
nb-2017-03,https://www.nationalbanken.dk/media/otbgtlbo/analysis-outlook-for-the-danish-economy-march-2017.pdf,200,839248,f9ba0f6ff1211afbc348275c44c42fc5d1c0a640dabe527b6ac82497f52f1745,2026-09-29T18:12:11Z
nb-2018-03,https://www.nationalbanken.dk/media/a5fl4m0b/analyse-moderat-hoejkonjunktur-i-de-kommende-aar.pdf,200,437248,96d4f17f6134aeada2552f9bbe3549760138992493516a6acdb93f7b834eb4ad,2026-09-29T18:12:12Z
nb-2018-09-press,https://www.nationalbanken.dk/en/news-and-knowledge/press/archive/2018/the-danish-economy-is-growing-without-signs-of-considerable-imbalances-12-09-2018,200,31022,81cb1f1ee63e72ff83e6a1d9c7bfa305a877d31a6f901bde3ab8e7b197e71c77,2026-09-29T18:12:13Z
nb-2019-09-page,https://www.nationalbanken.dk/da/viden-og-nyheder/publikationer-og-taler/arkiv-publikationer/2019/udsigter-for-dansk-oekonomi-lidt-lavere-vaekst-i-de-kommende-aar,200,37401,a37cae7058c877bf78dc686cb2572044780118cffa1e1405ac04c4d54c74a5d8,2026-09-29T18:12:14Z
nb-2019-09-press,https://www.nationalbanken.dk/en/news-and-knowledge/press/archive/2019/the-danish-economy-is-headed-for-slightly-slower-growth-in-the-coming-years-18-09-2019,200,30894,6d6e1b6052f443bfcea953aac856fd0d9b5ddb8358a5f97263d4d67ef6b41f4b,2026-09-29T18:12:44Z
nb-2020-12-press,https://www.nationalbanken.dk/en/pressroom/Pages/2020/12/DNN202012130.aspx,200,30617,4c3d4baa8ba18660d849192d7a035935cedb04d84bfc3669765c01d1d95cf49c,2026-09-29T18:12:15Z
nb-2021-09,https://www.nationalbanken.dk/media/acbhbbbv/analysis-no-24-the-economy-heading-back-towards-a-moderate-boom.pdf,200,672235,db6e8478a13f11c844742e8f3f99d8c0d660dd28cd1603b417827dd3c58f460f,2026-09-29T18:12:16Z
nb-2022-09,https://www.nationalbanken.dk/media/2txlffs3/the-pressure-on-the-economy-should-be-eased.pdf,200,896170,de7f696cc3c78e1e3cf616bbce0c0fd9dce2020a5f04dc3643744a9a08987bf3,2026-09-29T18:12:18Z
nb-2023-09-page,https://www.nationalbanken.dk/en/news-and-knowledge/publications-and-speeches/analysis/2023/persistently-high-inflationary-pressures-call-for-tight-economic-policy,200,245394,80df3cfd834ea99e05933a2bc75731b08401e7d5545fd8e5fdc53a2dd8880526,2026-09-29T18:12:19Z
nb-2024-09,https://www.nationalbanken.dk/media/4uudvvk5/the-outlook-is-for-a-stable-price-development-in-the-danish-economy.pdf,200,1323945,771a48300b38b87d6014bf3cb299ded3a718210f01caacea4af266daa3780675,2026-09-29T18:12:21Z
nb-arch-2019,https://www.nationalbanken.dk/en/news-and-knowledge/publications-and-speeches/archive-publications/2019,200,60842,7337ea428a47f568fa6e9656132e774d296e660f00d88132524ae9e463537510,2026-09-29T18:12:46Z
nb-arch-2021,https://www.nationalbanken.dk/en/news-and-knowledge/publications-and-speeches/archive-publications/2021,200,60842,7337ea428a47f568fa6e9656132e774d296e660f00d88132524ae9e463537510,2026-09-29T18:12:46Z
or-2015-12-ft,https://www.ft.dk/samling/20151/almdel/FIU/spm/328/svar/1330021/1641686.pdf,403,5656,3bbedf624aa9d51d7ea67125ec0d8213ae6ab366c441e0a1087deb68df5db850,2026-09-29T18:12:46Z
or-2015-12-page,https://fm.dk/udgivelser/2015/december/oekonomisk-redegoerelse-december-2015/,404,53054,52ef42cc7759bd6b6fd6ee5eb910badf18053a7547c47e65882c762a1327afd5,2026-09-29T18:11:20Z
or-2016-05-page,https://fm.dk/udgivelser/2016/maj/oekonomisk-redegoerelse-maj-2016/,404,53054,52ef42cc7759bd6b6fd6ee5eb910badf18053a7547c47e65882c762a1327afd5,2026-09-29T18:11:21Z
or-2016-12,https://regeringen.dk/media/xb0jk32l/oekonomisk-redegoerelse-december-2016.pdf,200,3721208,573652babf0964524f384da54affb1263f4bd31b80aa3ff34183931aa783badb,2026-09-29T18:11:25Z
or-2017-05,https://regeringen.dk/media/u0lnig0x/oekonomisk_redegoerelse_maj_2017_pdfa.pdf,200,2498570,73558d27a5f871479f7417f54a6ecace11f5b5cda9358b895df90ce240e57d2f,2026-09-29T18:11:30Z
or-2017-12,https://regeringen.dk/media/5p1pvo0j/oekonomisk-redegoerelse-december-2017-web.pdf,200,2706378,24436915ad295645084550be03dcb254a515a42a88002377dab04352b854e9e2,2026-09-29T18:11:33Z
or-2018-05,https://regeringen.dk/media/sj5h4rdv/oekonomisk-redegoerelse-maj2018.pdf,200,2627759,14a0c0c981f4889e30ec43d7ea8ad642d3b6849b22e3f03fe9d9fd83cae034e3,2026-09-29T18:11:36Z
or-2018-12,https://regeringen.dk/media/31udkb5x/oekonomisk-redegoerelse-december-2018.pdf,200,4452674,e698f0c717ef32c394eef4869597596f330058e5f4c5b60d23953d2a5deb1268,2026-09-29T18:11:39Z
or-2019-12-en,https://en.fm.dk/media/mxwkmcmw/economic-survey-december-2019.pdf,200,521173,1001afe1c102935466a1dd68ff0b496f58944f90ab252dd78e21262ba158fc7d,2026-09-29T18:11:43Z
or-2019-12-page,https://fm.dk/udgivelser/2019/december/oekonomisk-redegoerelse-december-2019/,404,53054,52ef42cc7759bd6b6fd6ee5eb910badf18053a7547c47e65882c762a1327afd5,2026-09-29T18:11:42Z
or-2020-12,https://fm.dk/media/xxgfxm2j/oekonomisk-redegoerelse-december-2020_web.pdf,200,2646719,7210ae7495f512c832b5c3a140e3cf089971d8aa0df7649ee2164fb7edcd45cd,2026-09-29T18:11:46Z
or-2021-12,https://fm.dk/media/3kphzibb/oekonomisk-redegoerelse-december-2021_a.pdf,200,4270379,2bd2640f6f89a25cc474f97f0be1a821bab57e96b1e2eb3d324f64278e1d1efc,2026-09-29T18:11:51Z
or-2022-08,https://fm.dk/media/gwkntgbm/oekonomisk-redegoerelse-august-2022_web_a.pdf,200,3640257,b9ea1ad2ae331121d01f4433c3344b7c1859f387268331f27f504912c941101e,2026-09-29T18:11:57Z
or-2023-12,https://oem.dk/media/gp2h10nx/oekonomisk-redegoerelse-december-2023-20231212-a.pdf,200,6650679,6675a1fb350d23ecbedf5cc1985f9d354a2d90e496fedb5c590d2a910d9c2599,2026-09-29T18:12:04Z
or-2024-12,https://oem.dk/media/0pvihs1s/oekonomisk-redegoerelse_december-2024_web-a.pdf,200,6207061,8832d389111a4b6889e96a36eaf50cd2e4ce8749634431f6bab4c07e93ec0335,2026-09-29T18:12:08Z
