forecaster,variable,vintage,excluding_2020,years,mae_forecast_all,years_with_baseline,mae_forecast,mae_baseline,bias,beat_baseline,tied_baseline,direction_right,direction_years
ØR,gdp,first,False,10,1.27,10,1.27,1.99,-0.01,6,2,8,9
ØR,gdp,first,True,9,0.88,9,0.88,1.62,-0.54,5,2,7,8
ØR,gdp,latest,False,10,1.56,10,1.56,2.66,-0.42,8,1,7,10
ØR,gdp,latest,True,9,1.37,9,1.37,2.53,-0.83,7,1,6,9
ØR,inflation,latest,False,10,1.07,10,1.07,1.57,-0.17,6,0,6,10
ØR,inflation,latest,True,9,1.1,9,1.1,1.7,-0.28,6,0,6,9
NB,gdp,first,False,10,1.37,10,1.37,1.96,-0.15,6,0,7,9
NB,gdp,first,True,9,0.99,9,0.99,1.61,-0.7,5,0,6,8
NB,gdp,latest,False,10,1.78,10,1.78,2.65,-0.56,8,0,5,10
NB,gdp,latest,True,9,1.61,9,1.61,2.54,-0.99,7,0,4,9
NB,inflation,latest,False,10,1.4,10,1.4,1.92,-0.14,6,0,7,10
NB,inflation,latest,True,9,1.48,9,1.48,2.08,-0.23,6,0,7,9
DØR,gdp,first,False,10,1.17,10,1.17,1.99,0.21,6,1,6,9
DØR,gdp,first,True,9,0.79,9,0.79,1.62,-0.28,5,1,5,8
DØR,gdp,latest,False,10,1.68,10,1.68,2.64,-0.2,6,1,4,10
DØR,gdp,latest,True,9,1.52,9,1.52,2.51,-0.57,5,1,3,9
DØR,inflation,latest,False,10,1.66,10,1.66,1.88,0.07,4,1,5,10
DØR,inflation,latest,True,9,1.72,9,1.72,1.99,-0.05,4,1,5,9
